<?xml version="1.0" encoding="UTF-8"?>
<project-private xmlns="http://www.netbeans.org/ns/project-private/1">
    <editor-bookmarks xmlns="http://www.netbeans.org/ns/editor-bookmarks/2" lastBookmarkId="1">
        <file>
            <url>src/View/home.java</url>
            <bookmark id="1">
                <name/>
                <line>5</line>
                <key/>
            </bookmark>
        </file>
    </editor-bookmarks>
    <open-files xmlns="http://www.netbeans.org/ns/projectui-open-files/2">
        <group>
            <file>file:/C:/Users/amila/Documents/NetBeansProjects/project1/src/Controller/InsertController.java</file>
            <file>file:/C:/Users/amila/Documents/NetBeansProjects/project1/src/View/orderdetails.java</file>
            <file>file:/C:/Users/amila/Documents/NetBeansProjects/project1/src/Controller/DeleteController.java</file>
            <file>file:/C:/Users/amila/Documents/NetBeansProjects/project1/src/Controller/SearchController.java</file>
            <file>file:/C:/Users/amila/Documents/NetBeansProjects/project1/src/View/orders.java</file>
            <file>file:/C:/Users/amila/Documents/NetBeansProjects/project1/src/Model/DBUpdate.java</file>
            <file>file:/C:/Users/amila/Documents/NetBeansProjects/project1/src/View/products.java</file>
            <file>file:/C:/Users/amila/Documents/NetBeansProjects/project1/src/View/menu.java</file>
            <file>file:/C:/Users/amila/Documents/NetBeansProjects/project1/src/View/aboutus.java</file>
            <file>file:/C:/Users/amila/Documents/NetBeansProjects/project1/src/View/home.java</file>
            <file>file:/C:/Users/amila/Documents/NetBeansProjects/project1/src/project1/Project1.java</file>
            <file>file:/C:/Users/amila/Documents/NetBeansProjects/project1/src/Model/DBInsert.java</file>
            <file>file:/C:/Users/amila/Documents/NetBeansProjects/project1/src/View/contactus.java</file>
            <file>file:/C:/Users/amila/Documents/NetBeansProjects/project1/src/View/users.java</file>
            <file>file:/C:/Users/amila/Documents/NetBeansProjects/project1/src/View/customers.java</file>
            <file>file:/C:/Users/amila/Documents/NetBeansProjects/project1/src/Model/DBDelete.java</file>
            <file>file:/C:/Users/amila/Documents/NetBeansProjects/project1/src/View/home2.java</file>
            <file>file:/C:/Users/amila/Documents/NetBeansProjects/project1/src/Controller/UpdateController.java</file>
            <file>file:/C:/Users/amila/Documents/NetBeansProjects/project1/src/Model/DBconect.java</file>
            <file>file:/C:/Users/amila/Documents/NetBeansProjects/project1/src/View/login.java</file>
            <file>file:/C:/Users/amila/Documents/NetBeansProjects/project1/src/Model/DBSearch.java</file>
        </group>
    </open-files>
</project-private>
